{
  "logistic_regression": {
    "accuracy": 0.5776666666666667,
    "confusion_matrix": [
      [
        1440,
        857
      ],
      [
        410,
        293
      ]
    ],
    "classification_report": {
      "0": {
        "precision": 0.7783783783783784,
        "recall": 0.6269046582498912,
        "f1-score": 0.6944779358572462,
        "support": 2297.0
      },
      "1": {
        "precision": 0.25478260869565217,
        "recall": 0.4167852062588905,
        "f1-score": 0.31624392876416624,
        "support": 703.0
      },
      "accuracy": 0.5776666666666667,
      "macro avg": {
        "precision": 0.5165804935370153,
        "recall": 0.5218449322543908,
        "f1-score": 0.5053609323107062,
        "support": 3000.0
      },
      "weighted avg": {
        "precision": 0.6556824363493929,
        "recall": 0.5776666666666667,
        "f1-score": 0.6058451001951012,
        "support": 3000.0
      }
    }
  },
  "random_forest": {
    "accuracy": 0.6923333333333334,
    "confusion_matrix": [
      [
        1972,
        325
      ],
      [
        598,
        105
      ]
    ],
    "classification_report": {
      "0": {
        "precision": 0.7673151750972763,
        "recall": 0.8585111014366565,
        "f1-score": 0.8103554551058146,
        "support": 2297.0
      },
      "1": {
        "precision": 0.2441860465116279,
        "recall": 0.14935988620199148,
        "f1-score": 0.1853486319505737,
        "support": 703.0
      },
      "accuracy": 0.6923333333333334,
      "macro avg": {
        "precision": 0.505750610804452,
        "recall": 0.503935493819324,
        "f1-score": 0.4978520435281942,
        "support": 3000.0
      },
      "weighted avg": {
        "precision": 0.6447285826320394,
        "recall": 0.6923333333333334,
        "f1-score": 0.6638955228797698,
        "support": 3000.0
      }
    }
  }
}