{
  "accuracy": 0.7666666666666667,
  "confusion_matrix": [
    [
      2288,
      9
    ],
    [
      691,
      12
    ]
  ],
  "classification_report": {
    "0": {
      "precision": 0.7680429674387378,
      "recall": 0.9960818458859382,
      "f1-score": 0.8673237300985596,
      "support": 2297.0
    },
    "1": {
      "precision": 0.5714285714285714,
      "recall": 0.017069701280227598,
      "f1-score": 0.03314917127071823,
      "support": 703.0
    },
    "accuracy": 0.7666666666666667,
    "macro avg": {
      "precision": 0.6697357694336545,
      "recall": 0.5065757735830829,
      "f1-score": 0.4502364506846389,
      "support": 3000.0
    },
    "weighted avg": {
      "precision": 0.7219696606403554,
      "recall": 0.7666666666666667,
      "f1-score": 0.6718488251465687,
      "support": 3000.0
    }
  }
}